id,chapter,start,duration_sec,voiceover,shot
001,0. Вступление,00:00,2.9,Однажды ночью привычный мир закончился.,"Чёрный экран, из темноты проступает ночной город; в окнах один за другим гаснет свет."
002,0. Вступление,00:03,5.3,"Не из-за войны и не из-за метеорита, а из-за гриба.",Макроплан: тонкие белые нити грибницы медленно ползут по стене.
003,0. Вступление,00:08,5.8,"Двадцать лет спустя от прежней Америки остались только руины, заросшие травой.","Общий план: мёртвый мегаполис, небоскрёбы оплетены плющом, по пустой улице бредёт олень."
004,0. Вступление,00:14,7.7,"Люди прячутся за стенами, делят последние патроны и боятся друг друга не меньше, чем чудовищ.","Высокая бетонная стена, вышки с прожекторами, у ворот очередь измученных людей."
005,0. Вступление,00:22,8.2,"И посреди этого мира один уставший, озлобленный человек получает задание, которое на первый взгляд кажется простым.",Мужчина с проседью в бороде закидывает рюкзак на плечо и смотрит на горизонт.
006,0. Вступление,00:30,3.4,Провести через всю страну четырнадцатилетнюю девочку.,Рядом с ним встаёт девочка-подросток с рюкзаком и щурится на солнце.
007,0. Вступление,00:33,4.3,"Девочку, в которой, возможно, спрятано спасение всего человечества.","Крупный план: предплечье девочки со старым шрамом от укуса, на него падает луч света."
008,0. Вступление,00:38,7.2,"Это The Last of Us — одна из самых сильных историй, когда-либо рассказанных в видеоиграх.","Название «The Last of Us» проступает на ржавом дорожном указателе, заросшем травой."
009,0. Вступление,00:45,9.6,"Игра студии Naughty Dog вышла в 2013 году, собрала сотни наград, а спустя десять лет по ней сняли сериал.","Коллаж: коробка с диском, статуэтки наград, кинохлопушка."
010,0. Вступление,00:54,9.6,"В ней будет всё: потери, предательство, чудовища, люди страшнее любых чудовищ и финал, о котором спорят до сих пор.","Быстрая смена силуэтов: гриб, луч фонарика в темноте, ружьё, жираф, операционная лампа."
011,0. Вступление,01:04,7.7,Если вы не играли — не страшно: сейчас вы узнаете эту историю от начала до конца.,Камера медленно приближается к костру в ночном лесу.
012,0. Вступление,01:12,2.9,А начинается она в Техасе.,"Карта США, камера наезжает на Техас."
013,"1. Пролог. Ночь, когда всё рухнуло",01:15,2.4,"Пригород Остина, 2013 год.","Тихая улица одноэтажных домов, поздний вечер, титр «Остин, Техас. 2013»."
014,"1. Пролог. Ночь, когда всё рухнуло",01:17,2.9,Джоэл Миллер — строитель и отец-одиночка.,Джоэл в рабочей рубашке устало заходит в дом и бросает ключи на тумбочку.
015,"1. Пролог. Ночь, когда всё рухнуло",01:20,2.9,Он растит двенадцатилетнюю дочь Сару.,Сара дремлет на диване перед включённым телевизором.
016,"1. Пролог. Ночь, когда всё рухнуло",01:23,8.7,"В этот день у Джоэла день рождения, но с работы он возвращается поздно и вымотанным до предела.","Настенные часы показывают почти полночь, Джоэл трёт глаза."
017,"1. Пролог. Ночь, когда всё рухнуло",01:32,4.8,"Сара не спит: она дождалась отца, чтобы вручить подарок.","Сара вскакивает, прячет что-то за спиной и хитро улыбается."
018,"1. Пролог. Ночь, когда всё рухнуло",01:36,1.9,Это наручные часы.,Крупный план: простые наручные часы в открытой коробочке.
019,"1. Пролог. Ночь, когда всё рухнуло",01:38,7.2,"Джоэл притворно строго спрашивает, откуда у неё деньги, а Сара с невинным видом отшучивается.","Джоэл поднимает бровь, Сара смеётся, прикрывая рот ладонью."
020,"1. Пролог. Ночь, когда всё рухнуло",01:46,4.3,Они вместе засыпают на диване под старый фильм.,"Отец и дочь на диване в мерцающем свете телевизора, Сара уснула у него на плече."
021,"1. Пролог. Ночь, когда всё рухнуло",01:50,3.4,Джоэл бережно относит дочь в кровать.,Джоэл несёт спящую Сару по тёмному коридору.
022,"1. Пролог. Ночь, когда всё рухнуло",01:53,3.9,Это последний спокойный вечер в их жизни.,"Камера отъезжает от окна детской, свет в доме гаснет."
023,"1. Пролог. Ночь, когда всё рухнуло",01:57,3.9,Дальше мы видим эту ночь глазами Сары.,"Камера опускается на уровень глаз ребёнка, полутёмная детская."
024,"1. Пролог. Ночь, когда всё рухнуло",02:01,3.4,Посреди ночи Сару будит телефонный звонок.,"Тёмная спальня, на тумбочке светится и вибрирует телефон."
025,"1. Пролог. Ночь, когда всё рухнуло",02:04,3.4,"Звонит дядя Томми, младший брат Джоэла.","Сара сонно берёт трубку, на экране надпись «Дядя Томми»."
026,"1. Пролог. Ночь, когда всё рухнуло",02:08,5.3,"Его голос дрожит, он спрашивает, где отец, — и связь обрывается.","Крупный план: телефон, короткие гудки, Сара растерянно смотрит на экран."
027,"1. Пролог. Ночь, когда всё рухнуло",02:13,6.3,"Сара идёт по пустому дому и зовёт папу, но никто не отвечает.","Девочка в пижаме в полутёмном коридоре, двери приоткрыты."
028,"1. Пролог. Ночь, когда всё рухнуло",02:19,6.3,"За окном воют сирены, по улице одна за другой проносятся полицейские машины.","Окно: мчатся машины с мигалками, красно-синие блики на стенах комнаты."
029,"1. Пролог. Ночь, когда всё рухнуло",02:26,7.7,"В экстренном выпуске новостей говорят о переполненных больницах и о людях, которые нападают на прохожих.","Экран телевизора: ведущая, бегущая строка «Срочно», кадры давки у больницы."
030,"1. Пролог. Ночь, когда всё рухнуло",02:33,3.9,А потом где-то совсем рядом гремит взрыв.,"Стёкла дрожат, за окном вспыхивает оранжевое зарево."
031,"1. Пролог. Ночь, когда всё рухнуло",02:37,4.8,"В дом вбегает Джоэл — бледный, с пистолетом в руке.","Входная дверь распахивается, Джоэл с оружием тяжело дышит."
032,"1. Пролог. Ночь, когда всё рухнуло",02:42,5.3,Он не успевает ничего объяснить: в стеклянную дверь ломится сосед.,"Силуэт мужчины за стеклянной дверью, по стеклу бегут трещины."
033,"1. Пролог. Ночь, когда всё рухнуло",02:47,6.7,"Сосед больше не похож на человека: он хрипит, дёргается и бросается на них.","Стекло разлетается, в комнату влетает дёрганая фигура с безумными глазами."
034,"1. Пролог. Ночь, когда всё рухнуло",02:54,1.5,Джоэл стреляет.,"Вспышка выстрела в полумраке, Сара закрывает лицо руками."
035,"1. Пролог. Ночь, когда всё рухнуло",02:55,7.2,"Сара в ужасе, а отец только повторяет: сосед был болен, им нужно немедленно уходить.","Джоэл сжимает плечи дочери и говорит ей что-то в лицо, она плачет."
036,"1. Пролог. Ночь, когда всё рухнуло",03:03,2.9,У дома тормозит пикап Томми.,Фары пикапа выхватывают из темноты лужайку перед домом.
037,"1. Пролог. Ночь, когда всё рухнуло",03:06,3.4,Втроём они пытаются вырваться из города.,"Пикап несётся по ночной улице, Сара на заднем сиденье прижимается к окну."
038,"1. Пролог. Ночь, когда всё рухнуло",03:09,5.8,"Вокруг творится безумие: горят дома, люди бегут, кто-то набрасывается на других.","Вид из окна машины: пожар, бегущие люди, силуэты дерутся на газоне."
039,"1. Пролог. Ночь, когда всё рухнуло",03:15,8.7,На обочине отец семейства с ребёнком на руках отчаянно машет им и просит забрать их с собой.,Мужчина с малышом на руках у дороги умоляюще машет пикапу.
040,"1. Пролог. Ночь, когда всё рухнуло",03:23,5.8,"Томми хочет остановиться, но Джоэл непреклонен: с ними ребёнок, рисковать нельзя.","Братья спорят в кабине, Джоэл резко качает головой."
041,"1. Пролог. Ночь, когда всё рухнуло",03:29,5.3,Запомните этот момент — он ещё отзовётся в самом конце истории.,Крупный план: в боковом зеркале уменьшается фигура мужчины с ребёнком.
042,"1. Пролог. Ночь, когда всё рухнуло",03:34,3.9,"Шоссе забито машинами, весь город охвачен паникой.","Пробка на шоссе, гудки, люди бросают машины и бегут."
043,"1. Пролог. Ночь, когда всё рухнуло",03:38,4.3,"Томми сворачивает в центр, но там ещё хуже.",Пикап петляет между горящими машинами на узкой улице.
044,"1. Пролог. Ночь, когда всё рухнуло",03:43,8.2,"Рядом взлетает на воздух бензоколонка, а через секунду в пикап на полной скорости врезается другая машина.","Огненный шар над заправкой, затем удар сбоку, пикап переворачивается."
045,"1. Пролог. Ночь, когда всё рухнуло",03:51,3.9,Сара повреждает ногу и не может идти.,Сара в перевёрнутой кабине держится за колено и морщится от боли.
046,"1. Пролог. Ночь, когда всё рухнуло",03:55,6.3,"Джоэл берёт её на руки, и они бегут сквозь толпу обезумевших людей.",Джоэл с дочерью на руках бежит по охваченной огнём улице.
047,"1. Пролог. Ночь, когда всё рухнуло",04:01,5.8,"Заражённые повсюду: они кидаются на каждого, кто попадается им на пути.",Из переулка в толпу выскакивают дёрганые фигуры.
048,"1. Пролог. Ночь, когда всё рухнуло",04:07,6.3,"Томми остаётся сдерживать их и кричит брату, чтобы тот бежал, не оглядываясь.","Томми подпирает плечом дверь, по которой колотят изнутри, и машет Джоэлу: «Беги!»."
049,"1. Пролог. Ночь, когда всё рухнуло",04:13,4.3,На окраине города Джоэла с дочерью останавливает солдат.,"Джоэл с Сарой на руках выбегает к насыпи, на фоне — зарево над городом."
050,"1. Пролог. Ночь, когда всё рухнуло",04:17,5.3,"Джоэл умоляет о помощи, но солдат по рации получает приказ.","Солдат прижимает рацию к плечу и слушает, его взгляд тяжелеет."
051,"1. Пролог. Ночь, когда всё рухнуло",04:23,3.9,Приказ простой и страшный: никого не выпускать.,Крупный план: палец солдата ложится на спусковой крючок.
052,"1. Пролог. Ночь, когда всё рухнуло",04:26,1.9,Солдат открывает огонь.,"Вспышки выстрелов, Джоэл разворачивается, закрывая дочь спиной."
053,"1. Пролог. Ночь, когда всё рухнуло",04:28,4.3,"Джоэл падает с насыпи, прижимая к себе Сару.",Двое скатываются по склону в высокую траву.
054,"1. Пролог. Ночь, когда всё рухнуло",04:33,4.3,В последний момент появляется Томми и убивает солдата.,"Томми выбегает из темноты и стреляет, солдат падает."
055,"1. Пролог. Ночь, когда всё рухнуло",04:37,2.4,Но уже слишком поздно.,"Тишина, дым, камера медленно опускается к Джоэлу."
056,"1. Пролог. Ночь, когда всё рухнуло",04:40,1.5,Сара ранена.,"Сара лежит на руках у отца, на её футболке расплывается тёмное пятно."
057,"1. Пролог. Ночь, когда всё рухнуло",04:41,5.8,"Джоэл умоляет её держаться, но девочка умирает у него на руках.","Джоэл склоняется над дочерью, её рука безвольно соскальзывает."
058,"1. Пролог. Ночь, когда всё рухнуло",04:47,3.4,В ту ночь он потерял всё.,"Крупный план: лицо Джоэла, искажённое горем, в отблесках пожара."
059,"1. Пролог. Ночь, когда всё рухнуло",04:50,4.3,На его запястье остаются часы — последний подарок дочери.,"Крупный план: часы на запястье, по стеклу бежит трещина."
060,"1. Пролог. Ночь, когда всё рухнуло",04:54,4.3,Он будет носить их все следующие двадцать лет.,"Те же треснувшие часы, но рука уже постаревшая и загрубевшая."
061,"1. Пролог. Ночь, когда всё рухнуло",04:59,4.3,"Единственная ниточка, которая связывает его с прежней жизнью.","Часы на запястье крупным планом, позади размытые руины."
062,2. Что случилось с миром,05:03,2.9,Виновником катастрофы стал кордицепс — гриб-паразит.,Макроплан: светящиеся грибные нити под микроскопом на тёмном фоне.
063,2. Что случилось с миром,05:06,6.3,В реальной природе такой гриб заражает муравьёв и буквально управляет их поведением.,"Муравей на травинке, из его головы прорастает тонкий гриб."
064,2. Что случилось с миром,05:12,4.8,В мире игры гриб мутировал и научился заражать людей.,"Карта мира, на ней красными пятнами расползается заражение от города к городу."
065,2. Что случилось с миром,05:17,5.8,Достаточно одного укуса — и уже через день-два человек перестаёт быть собой.,"Рука со свежим укусом, вокруг раны темнеют вены."
066,2. Что случилось с миром,05:23,7.2,"Грибок захватывает мозг и превращает жертву в агрессивное существо, которое бросается на всех вокруг.","Силуэт человека в тени, голова резко дёргается, взгляд стекленеет."
067,2. Что случилось с миром,05:30,9.1,"Хуже того: в заброшенных зданиях гриб разрастается и выбрасывает в воздух споры, и без противогаза там не выжить.","Тёмный подвал, в луче фонаря кружатся споры, человек натягивает противогаз."
068,2. Что случилось с миром,05:39,5.3,Поэтому каждый тёмный подвал в этой игре — испытание для нервов.,"Луч фонаря дрожит на ступенях, уходящих в темноту."
069,2. Что случилось с миром,05:45,2.4,Со временем заражённые меняются.,Три силуэта в ряд — от почти человеческого до бесформенного.
070,2. Что случилось с миром,05:47,7.2,"Первые из них, «бегуны», ещё похожи на людей: они быстрые, безумные и нападают толпой.","Бегун мчится по коридору: рваная одежда, безумный взгляд."
071,2. Что случилось с миром,05:54,5.3,"Проходят месяцы, гриб прорастает сквозь череп и ослепляет своего носителя.","Голова заражённого покрыта грибными пластинами, похожими на раскрытый цветок."
072,2. Что случилось с миром,05:59,4.3,Так появляются «щелкуны» — самые жуткие создания этой игры.,"Щелкун стоит в полумраке, вместо лица — сплошные наросты гриба."
073,2. Что случилось с миром,06:04,7.2,"Они ничего не видят и ориентируются по звуку, издавая характерные щелчки, как летучие мыши.",От щелчков по тёмной комнате расходятся кольца звуковых волн.
074,2. Что случилось с миром,06:11,3.9,Если щелкун тебя схватил — спасения почти нет.,Резкий рывок: руки щелкуна тянутся прямо в камеру.
075,2. Что случилось с миром,06:15,8.7,"А самые старые заражённые, «топляки», покрыты грибом, как бронёй, и швыряют во врагов ядовитые мешки со спорами.",Массивная фигура в грибных наростах бросает светящийся мешок спор.
076,2. Что случилось с миром,06:24,2.9,Эпидемия разлетелась по планете стремительно.,"Мелькают газетные заголовки: «Пандемия», «Военное положение», «Города закрыты»."
077,2. Что случилось с миром,06:26,1.5,Правительство рухнуло.,Опрокинутый флаг на ступенях разрушенного правительственного здания.
078,2. Что случилось с миром,06:28,6.7,Уцелевших людей согнали в карантинные зоны — города за высокими стенами под властью военных.,"Стена вокруг города, солдаты на вышках, лучи прожекторов."
079,2. Что случилось с миром,06:35,6.7,"Там комендантский час, еда по карточкам и казнь за малейшее подозрение в заражении.","Солдат проверяет очередь людей прибором-сканером, в стороне конвой уводит человека."
080,2. Что случилось с миром,06:41,4.3,"Против военных воюют повстанцы, которые называют себя «Цикадами».",Граффити на стене: символ насекомого со светящимся брюшком и надпись «Ищите свет».
081,2. Что случилось с миром,06:46,5.8,"Они верят, что однажды найдут лекарство и вернут людям нормальную жизнь.","Подпольная комната, люди склонились над картами при свете лампы."
082,2. Что случилось с миром,06:52,7.2,"А за стенами, в диких землях, каждый выживает как может: бандиты, одиночки, маленькие общины.","Лес, заброшенное шоссе, вдали вооружённые люди греются у костра."
083,2. Что случилось с миром,06:59,3.9,С той страшной ночи прошло двадцать лет.,Титр «20 лет спустя» на фоне заросших руин.
084,3. Бостон. Груз,07:03,1.9,"Бостон, 2033 год.","Бостонская карантинная зона: серые дома, колючая проволока, моросит дождь."
085,3. Бостон. Груз,07:05,6.7,"Город разделён стеной: внутри голод, пайки и военные патрули, снаружи руины и заражённые.","Разделённый кадр: по одну сторону стены очередь за пайками, по другую заросшие руины."
086,3. Бостон. Груз,07:11,6.3,"Джоэл постарел и ожесточился, от прежнего заботливого отца не осталось и следа.","Постаревший Джоэл с сединой в бороде, тяжёлый взгляд, на руке треснувшие часы."
087,3. Бостон. Груз,07:18,7.2,"Теперь он контрабандист: переправляет через стену оружие, таблетки и всё, за что готовы платить.",Джоэл в тёмном переулке передаёт свёрток человеку в капюшоне.
088,3. Бостон. Груз,07:25,4.8,"Его напарница — Тесс, решительная, умная и острая на язык.","Тесс в кожаной куртке насмешливо смотрит в камеру, прислонившись к стене."
089,3. Бостон. Груз,07:30,7.2,"Между ними явно что-то большее, чем работа, но оба давно разучились говорить о чувствах.","Джоэл и Тесс молча сидят рядом у окна, почти касаясь плечами."
090,3. Бостон. Груз,07:37,2.4,Однажды Тесс возвращается избитой.,"Тесс входит, держась за бок, на скуле ссадина."
091,3. Бостон. Груз,07:39,4.8,Торговец Роберт подставил её и увёл их партию оружия.,Ухмыляющийся торговец пересчитывает деньги над ящиками с оружием.
092,3. Бостон. Груз,07:44,3.4,Джоэл и Тесс отправляются за ним.,Двое пролезают через дыру в стене и идут по заброшенному кварталу.
093,3. Бостон. Груз,07:47,6.3,"Контрабандисты знают тайные лазейки под стеной, о которых военные даже не догадываются.","Узкий лаз под бетонной плитой, Тесс светит фонариком."
094,3. Бостон. Груз,07:54,4.3,Они загоняют Роберта в угол на портовом складе.,"Склад у воды, Роберт пятится, выставив руки перед собой."
095,3. Бостон. Груз,07:58,5.3,"Перепуганный Роберт признаётся: оружия больше нет, он продал его «Цикадам».","Роберт на коленях торопливо что-то объясняет, Тесс держит его на прицеле."
096,3. Бостон. Груз,08:03,2.4,Тесс не прощает предательства.,"Затемнение, звук выстрела, с крыши склада взлетает стая чаек."
097,3. Бостон. Груз,08:06,4.8,И тут из тени выходит Марлин — лидер бостонских «Цикад».,"Марлин выходит из-за контейнера, одной рукой держась за раненый бок."
098,3. Бостон. Груз,08:11,5.3,"Она ранена, но совершенно спокойна, и у неё есть предложение.",Марлин прислоняется к стене и твёрдо смотрит Джоэлу в глаза.
099,3. Бостон. Груз,08:16,7.7,Нужно тайно вывезти из города один «груз» и доставить его отряду «Цикад» в здании Капитолия.,"Карта Бостона, от стены к куполу Капитолия прочерчен пунктир маршрута."
100,3. Бостон. Груз,08:24,4.3,"Награда — вдвое больше оружия, чем у них украли.","Ящики с оружием, рядом крупно «×2»."
101,3. Бостон. Груз,08:28,3.9,Тесс соглашается хотя бы взглянуть на груз.,Тесс переглядывается с Джоэлом и коротко кивает.
102,3. Бостон. Груз,08:32,1.9,Груз оказывается девочкой.,Дверь открывается: в пустой комнате на стуле сидит девочка-подросток.
103,3. Бостон. Груз,08:34,3.4,"Её зовут Элли, ей четырнадцать лет.",Элли скрестила руки на груди и недоверчиво смотрит снизу вверх.
104,3. Бостон. Груз,08:37,7.7,"Она сирота, выросла в военном интернате и ни разу в жизни не бывала за стеной.","Коридор интерната, ряды железных коек, маленькая Элли смотрит в зарешёченное окно."
105,3. Бостон. Груз,08:45,6.3,"Элли дерзкая, ругается похлеще взрослых и совсем не собирается бояться хмурого незнакомца.","Элли фыркает и закатывает глаза, Джоэл смотрит на неё исподлобья."
106,3. Бостон. Груз,08:51,11.1,"Марлин знает её с самого рождения, но вывести из города сама не может: она ранена, а военные идут за ней по пятам.","Марлин морщится от боли, в окне мелькают фонари патруля."
107,3. Бостон. Груз,09:02,3.9,"Джоэл недоволен: он контрабандист, а не нянька.",Джоэл отводит Марлин в сторону и раздражённо жестикулирует.
108,3. Бостон. Груз,09:06,2.4,Но сделка есть сделка.,Крупный план: рукопожатие Тесс и Марлин.
109,3. Бостон. Груз,09:08,8.7,"Тесс уходит проверить, есть ли оружие на самом деле, а Джоэл с Элли ждут ночи в укрытии.","Джоэл сидит у окна, Элли с любопытством разглядывает его вещи в захламлённой комнате."
110,3. Бостон. Груз,09:17,6.3,"Элли засыпает Джоэла вопросами, а он отвечает односложно или не отвечает вовсе.","Элли что-то оживлённо спрашивает, Джоэл молча чистит пистолет."
111,3. Бостон. Груз,09:23,5.3,"Он сразу даёт понять: они не друзья, это просто работа.","Джоэл поднимает глаза от пистолета, взгляд тяжёлый."
112,3. Бостон. Груз,09:29,5.3,"Поздно вечером Тесс возвращается: оружие на месте, сделка в силе.","Тесс входит, коротко кивает, все трое надевают рюкзаки."
113,4. За стеной. Тесс,09:34,4.8,Под покровом ночи троица пробирается к выходу из города.,"Три силуэта крадутся вдоль стены, над ними скользят лучи прожекторов."
114,4. За стеной. Тесс,09:39,4.3,Но у самой стены их ловит военный патруль.,"Фонари бьют в лицо, солдаты с автоматами кричат: «На колени!»."
115,4. За стеной. Тесс,09:43,3.4,Солдат проверяет каждого сканером на заражение.,"Прибор в руке солдата: у Тесс горит зелёный огонёк, у Джоэла тоже."
116,4. За стеной. Тесс,09:46,5.8,"Когда очередь доходит до Элли, она выхватывает нож и бьёт солдата.","Элли резко вскакивает, взмах ножа, солдат вскрикивает."
117,4. За стеной. Тесс,09:52,3.9,"Завязывается схватка, и Джоэлу приходится перебить патрульных.","Короткая драка в темноте, вспышки выстрелов."
118,4. За стеной. Тесс,09:56,3.4,Тесс поднимает упавший сканер — и замирает.,Крупный план: экран сканера горит красным.
119,4. За стеной. Тесс,09:59,1.5,Элли заражена.,Тесс медленно поднимает глаза на Элли.
120,4. За стеной. Тесс,10:01,3.9,Джоэл тут же наводит на девочку пистолет.,"Ствол пистолета в кадре, за ним испуганное лицо Элли."
121,4. За стеной. Тесс,10:05,3.4,Элли закатывает рукав и показывает укус.,Элли протягивает руку: на предплечье зарубцевавшийся след от зубов.
122,4. За стеной. Тесс,10:08,2.4,Этому укусу три недели.,"Крупный план: старый шрам, вокруг него чистая кожа без тёмных вен."
123,4. За стеной. Тесс,10:11,6.7,"Любой другой человек давно превратился бы в чудовище, а Элли по-прежнему остаётся собой.","Разделённый кадр: слева силуэт заражённого, справа живая Элли."
124,4. За стеной. Тесс,10:17,8.7,"Вот зачем она нужна «Цикадам»: у неё иммунитет, и их учёные надеются создать на её основе вакцину.","Лаборатория, учёный поднимает к свету пробирку."
125,4. За стеной. Тесс,10:26,6.3,"Джоэл хочет всё бросить, но Тесс уговаривает его довести дело до конца.","Джоэл и Тесс спорят вполголоса, Элли стоит в стороне, обхватив себя руками."
126,4. За стеной. Тесс,10:32,3.9,За стеной перед ними открывается мёртвый Бостон.,"Руины в утренней дымке, небоскрёбы в зелени, птицы над пустыми улицами."
127,4. За стеной. Тесс,10:36,5.3,Элли впервые видит мир снаружи и не может отвести глаз.,"Элли с приоткрытым ртом смотрит на заросший город, ветер треплет её волосы."
128,4. За стеной. Тесс,10:41,7.7,"Её поражает всё: ржавые машины, пустые магазины, вывески из мира, которого она никогда не знала.",Элли трогает облупившуюся вывеску кафе и заглядывает в брошенную машину.
129,4. За стеной. Тесс,10:49,6.3,"Тесс относится к девочке теплее, чем Джоэл, и Элли тянется к ней.",Тесс помогает Элли перелезть через завал и ободряюще улыбается.
130,4. За стеной. Тесс,10:55,5.8,"Их путь лежит через покосившийся небоскрёб, затопленные улицы и тёмный музей.","Небоскрёб, привалившийся к соседнему зданию, трое идут по доске между окнами."
131,4. За стеной. Тесс,11:01,2.4,В темноте раздаются щелчки.,"Чёрный кадр, только луч фонарика, из глубины доносится «щёлк-щёлк»."
132,4. За стеной. Тесс,11:04,5.8,"Щелкуны охотятся на звук, и любой шорох здесь может стоить жизни.","Щелкун бросается на шум, Джоэл заталкивает Элли себе за спину."
133,4. За стеной. Тесс,11:09,5.8,"Друг за другом они крадутся мимо слепых чудовищ, почти не дыша.","Трое пригнулись за музейной витриной, в шаге от них медленно проходит щелкун."
134,4. За стеной. Тесс,11:15,2.9,Наконец они добираются до Капитолия.,Купол Капитолия в сером тумане.
135,4. За стеной. Тесс,11:18,2.9,Здесь их путь должен закончиться.,Трое поднимаются по ступеням к массивным дверям.
136,4. За стеной. Тесс,11:21,4.3,"Но «Цикады», которые должны были их встретить, мертвы.","Разгромленный зал, брошенное оружие, рюкзак с символом «Цикад» на полу."
137,4. За стеной. Тесс,11:25,4.8,Тесс в отчаянии: неужели весь этот путь был напрасным?,"Тесс бьёт кулаком по стене, голос срывается на крик."
138,4. За стеной. Тесс,11:30,4.8,И тут Тесс признаётся в страшном: её тоже укусили.,"Тесс оттягивает ворот куртки, на шее у неё свежий укус."
139,4. За стеной. Тесс,11:35,8.7,"Это случилось в одной из стычек по дороге, и, в отличие от Элли, иммунитета у неё нет.","Вены вокруг раны темнеют, Тесс тяжело опирается о стену."
140,4. За стеной. Тесс,11:44,3.9,А по их следу уже идут солдаты.,"Снаружи тормозит грузовик, из него выпрыгивают солдаты."
141,4. За стеной. Тесс,11:47,1.9,Тесс принимает решение.,"Крупный план: Тесс сжимает пистолет, во взгляде решимость."
142,4. За стеной. Тесс,11:49,2.9,"Она остаётся, чтобы задержать военных.",Тесс придвигает шкаф к двери и перезаряжает оружие.
143,4. За стеной. Тесс,11:52,7.7,Ей всё равно не спастись: совсем скоро она сама превратится в одну из этих тварей.,"Крупный план: вены на шее Тесс темнеют, она сжимает зубы."
144,4. За стеной. Тесс,12:00,11.1,"Её последняя просьба к Джоэлу: довести Элли до Томми, ведь его брат когда-то сам был в «Цикадах» и знает, где их искать.",Тесс держит Джоэла за воротник и говорит ему прямо в лицо.
145,4. За стеной. Тесс,12:11,6.3,"Тесс верит, что эта девочка — настоящий шанс, и не даёт Джоэлу возразить.","Тесс толкает его к выходу, Элли тянет Джоэла за рукав."
146,4. За стеной. Тесс,12:17,2.4,Джоэл и Элли бегут.,"Двое мчатся по коридору, за их спинами захлопывается дверь."
147,4. За стеной. Тесс,12:20,2.9,За их спинами гремят выстрелы.,Вспышки выстрелов в окнах зала.
148,4. За стеной. Тесс,12:23,5.8,"Когда всё стихает, Джоэл оглядывается и видит: Тесс лежит на полу.","Через дверной проём видно, как солдаты стоят над неподвижной Тесс."
149,4. За стеной. Тесс,12:28,3.4,Он потерял ещё одного близкого человека.,"Лицо Джоэла: стиснутые зубы, пустой взгляд."
150,4. За стеной. Тесс,12:32,3.4,Теперь Джоэл и Элли остались вдвоём.,"Двое уходят от Капитолия по пустой улице, между ними несколько шагов."
151,4. За стеной. Тесс,12:35,5.3,"Он потерял напарницу, а она — единственного взрослого, которому начала доверять.","Элли оглядывается на Капитолий, Джоэл идёт не останавливаясь."
152,5. Город Билла,12:40,5.8,"Томми живёт где-то далеко на западе, и пешком туда не дойти.",Карта: линия от Бостона тянется через всю страну на запад.
153,5. Город Билла,12:46,7.2,"Джоэлу нужна машина, и он знает, кто ему задолжал, — старый знакомый по имени Билл.","Джоэл на ходу объясняет, Элли шагает рядом и пинает камешек."
154,5. Город Билла,12:53,6.3,"Билл живёт совсем один в маленьком городке, который превратил в неприступную крепость.",Городок за баррикадами из автобусов и колючей проволоки.
155,5. Город Билла,13:00,3.9,"Каждая улица здесь заминирована, каждая калитка — ловушка.","Растяжки, капканы, жестяные банки на натянутой верёвке."
156,5. Город Билла,13:04,6.3,В одну из них попадается сам Джоэл: верёвка вздёргивает его вверх ногами.,"Петля захлёстывает ногу, Джоэл взлетает и повисает вниз головой."
157,5. Город Билла,13:10,2.4,На шум сбегаются заражённые.,Из-за домов выскакивают бегуны.
158,5. Город Билла,13:12,5.8,"Элли освобождает Джоэла, и тут на помощь приходит сам хозяин города.","Элли режет верёвку, из-за угла выходит небритый мужчина с дробовиком."
159,5. Город Билла,13:18,5.3,"Билл — параноик, ворчун и, пожалуй, лучший выживальщик во всей округе.",Билл в жилетке с кучей карманов подозрительно щурится.
160,5. Город Билла,13:23,6.3,Он не доверяет никому и уж точно не рад гостям с ребёнком.,"Билл тычет пальцем в Элли, Элли показывает ему язык."
161,5. Город Билла,13:30,6.7,Элли в долгу не остаётся и язвит в ответ при каждом удобном случае.,"Элли передразнивает Билла у него за спиной, Джоэл прячет усмешку."
162,5. Город Билла,13:36,5.3,"Но долг есть долг, и Билл соглашается помочь с машиной.",Билл тяжело вздыхает и машет рукой: «Идём».
163,5. Город Билла,13:42,4.3,По дороге он делится с Джоэлом своей философией.,"Билл шагает впереди и говорит, не оборачиваясь."
164,5. Город Билла,13:46,5.3,"Когда-то у него был напарник — человек, о котором он заботился.",Старая фотография: двое мужчин улыбаются на крыльце дома.
165,5. Город Билла,13:51,5.8,"Но в этом мире привязанность — это слабость, которая тебя и погубит.",Билл останавливается и тяжело смотрит на Джоэла.
166,5. Город Билла,13:57,4.8,Поэтому Билл решил больше ни к кому не привязываться.,Билл запирает массивную дверь на несколько засовов.
167,5. Город Билла,14:02,5.8,"Джоэл молчит: похоже, он и сам живёт по тем же правилам.",Джоэл косится на Элли и отводит взгляд.
168,5. Город Билла,14:08,6.7,"В поисках аккумулятора для машины они прорываются через заброшенную школу, где кишат заражённые.","Школьный коридор со шкафчиками, из спортзала выходит огромный топляк."
169,5. Город Билла,14:14,4.8,"Элли вовсю помогает: швыряет бутылки и кирпичи, отвлекая заражённых.","Элли бросает бутылку в дальний угол, заражённые бегут на звон."
170,5. Город Билла,14:19,4.3,А потом находят того самого напарника Билла — Фрэнка.,"Приоткрытая дверь дома, Билл замирает на пороге."
171,5. Город Билла,14:24,6.3,"Фрэнка укусили, и, чтобы не превратиться в чудовище, он покончил с собой.","Тень на стене, Билл медленно опускает оружие."
172,5. Город Билла,14:30,2.9,Рядом лежит его прощальная записка.,Смятый листок бумаги на полу.
173,5. Город Билла,14:33,8.2,"Фрэнк пишет, что устал от этого города, от стен, от вечного страха — и от самого Билла.","Крупный план: неровный почерк, строчки расплываются."
174,5. Город Билла,14:41,7.7,"Билл всю жизнь строил стены, чтобы защититься от боли, но она всё равно его нашла.",Билл один в пустой комнате сжимает записку в кулаке.
175,5. Город Билла,14:49,5.8,"Для Джоэла это молчаливое предупреждение: тот, кто привязывается, рискует потерять всё.",Джоэл смотрит на Элли в дверях и отворачивается.
176,5. Город Билла,14:54,7.2,"В гараже Фрэнка стоит пикап с заряженным аккумулятором — похоже, Фрэнк и сам собирался уехать.","Старый пикап в гараже, Джоэл открывает капот."
177,5. Город Билла,15:02,5.3,"Заражённые наседают, двигатель не заводится, и машину приходится толкать втроём.","Трое толкают пикап, а за ними несётся толпа бегунов."
178,5. Город Билла,15:07,2.9,В последний момент мотор оживает.,"Вспыхивают фары, из выхлопной трубы вырывается дым."
179,5. Город Билла,15:10,4.8,"Билл отдаёт им машину, и Джоэл с Элли уезжают.","Пикап выезжает за ворота, Билл одиноко стоит у баррикады."
180,5. Город Билла,15:15,3.4,Теперь Билл никому ничего не должен.,Билл машет вслед рукой и запирает ворота.
181,5. Город Билла,15:18,9.6,"В дороге Элли признаётся, что стащила у Билла журнал для взрослых, и суровый Джоэл не знает, куда деть глаза.","Элли листает журнал с круглыми глазами, Джоэл краснеет и упрямо смотрит на дорогу."
182,5. Город Билла,15:28,6.3,"Но главное, она прихватила у Билла пистолет — и очень скоро он пригодится.",Элли украдкой проверяет пистолет в рюкзаке.
183,5. Город Билла,15:34,1.5,Впереди Питтсбург.,Пикап едет по пустому шоссе к силуэту далёкого города.
184,6. Питтсбург. Охотники,15:35,7.2,"Итак, Тесс погибла, Бостон далеко позади, а у Джоэла и Элли наконец есть колёса.","Пикап мчится по шоссе, в кабине Джоэл и Элли."
185,6. Питтсбург. Охотники,15:43,6.7,На въезде в город посреди дороги стоит раненый человек и просит о помощи.,Мужчина на пустой улице держится за живот и машет рукой.
186,6. Питтсбург. Охотники,15:49,2.9,Джоэл сразу понимает: это ловушка.,"Крупный план: Джоэл прищуривается, пальцы сжимают руль."
187,6. Питтсбург. Охотники,15:52,5.8,"Он жмёт на газ, и из засады по машине открывают огонь.","Из окон домов летят пули, лобовое стекло покрывается трещинами."
188,6. Питтсбург. Охотники,15:58,2.9,Пикап врезается в витрину магазина.,"Машина влетает в витрину, во все стороны летят осколки."
189,6. Питтсбург. Охотники,16:01,7.2,"Джоэл расправляется с нападавшими, и Элли потом спрашивает, как он догадался, что это засада.","Джоэл перезаряжает пистолет, Элли выглядывает из-за прилавка."
190,6. Питтсбург. Охотники,16:08,4.3,Он отвечает коротко: он бывал по обе стороны.,Крупный план: Джоэл не смотрит ей в глаза.
191,6. Питтсбург. Охотники,16:12,7.2,"Одна эта фраза многое говорит о том, чем он занимался все эти двадцать лет.",Тени прошлого: силуэт Джоэла с оружием над чужими рюкзаками.
192,6. Питтсбург. Охотники,16:20,6.3,"Нападавшие — охотники: банды, которые захватили город после того, как жители прогнали военных.",Вооружённые люди в разномастной одежде выходят из-за угла.
193,6. Питтсбург. Охотники,16:26,6.3,"Они выслеживают путников, убивают их и забирают всё, что у них есть.","Стол, заваленный рюкзаками, обувью и оружием погибших."
194,6. Питтсбург. Охотники,16:32,6.3,"Джоэлу и Элли приходится пробираться через кварталы, где за ними охотятся люди.","Джоэл и Элли пригнулись за машиной, мимо проходит патруль с фонарями."
195,6. Питтсбург. Охотники,16:38,4.8,И здесь становится ясно: люди бывают страшнее любых заражённых.,Силуэт охотника в дверном проёме против света.
196,6. Питтсбург. Охотники,16:43,6.7,В заброшенном отеле Джоэл проваливается в шахту лифта и оказывается отрезан от Элли.,"Джоэл летит вниз в тёмную шахту, наверху кричит Элли."
197,6. Питтсбург. Охотники,16:50,5.8,"Он пробирается через затопленный подвал, полный щелкунов, и наконец выбирается наверх.","Джоэл по пояс в воде, луч фонаря выхватывает щелкуна."
198,6. Питтсбург. Охотники,16:56,3.4,Но там на него набрасывается охотник.,"Удар из темноты, Джоэл падает, противник наваливается сверху."
199,6. Питтсбург. Охотники,16:59,2.9,Ещё секунда — и Джоэла задушат.,"Руки охотника на горле Джоэла, его лицо багровеет."
200,6. Питтсбург. Охотники,17:02,1.5,Раздаётся выстрел.,"Вспышка за спиной охотника, он заваливается набок."
201,6. Питтсбург. Охотники,17:04,3.9,Это Элли — с тем самым пистолетом Билла.,"Элли стоит с дымящимся пистолетом, руки дрожат."
202,6. Питтсбург. Охотники,17:07,5.3,"Она впервые убила человека, и сделала это, чтобы спасти Джоэла.",Крупный план: Элли потрясённо смотрит на свои руки.
203,6. Питтсбург. Охотники,17:13,8.7,"Джоэл злится, что она не осталась в укрытии, но Элли отвечает просто: вообще-то она спасла ему жизнь.","Элли упрямо вскидывает подбородок, Джоэл тяжело выдыхает."
204,6. Питтсбург. Охотники,17:21,9.1,"Джоэл хотел уберечь её от всего этого, но теперь понимает: рядом с ним уже не груз, а напарник.",Джоэл поднимается и впервые смотрит на Элли по-новому.
205,6. Питтсбург. Охотники,17:30,4.8,Вскоре они натыкаются на двух братьев — Генри и Сэма.,Из-за угла выходят молодой мужчина и мальчик-подросток.
206,6. Питтсбург. Охотники,17:35,7.7,"Сначала все держат друг друга на прицеле, но быстро понимают, что враг у них общий.","Джоэл и Генри целятся друг в друга, Сэм прячется за брата, Элли — за Джоэла."
207,6. Питтсбург. Охотники,17:43,5.8,Генри растит младшего брата один и ради него готов на всё.,"Генри поправляет на Сэме куртку, заботливо и строго."
208,6. Питтсбург. Охотники,17:49,2.9,Как когда-то Джоэл ради Сары.,Флэшбек: Джоэл держит за руку маленькую Сару.
209,6. Питтсбург. Охотники,17:52,5.3,"Сэму тринадцать, он тихий, серьёзный и очень старается быть храбрым.",Мальчик в куртке не по размеру прижимает к себе рюкзак.
210,6. Питтсбург. Охотники,17:57,7.7,Элли и Сэм быстро находят общий язык: впервые за долгое время у Элли появился друг-ровесник.,Элли и Сэм сидят на полу и смеются над комиксом.
211,6. Питтсбург. Охотники,18:05,4.8,"Генри знает, как выбраться из города, — через большой мост.",Карта: пунктир маршрута тянется через мост за реку.
212,6. Питтсбург. Охотники,18:09,5.3,Путь им преграждает бронированная машина охотников с пулемётом на крыше.,Бронированный джип с пулемётом разворачивается на перекрёстке.
213,6. Питтсбург. Охотники,18:15,8.7,В разгар боя Генри уводит брата в безопасное место и оставляет Джоэла с Элли одних под огнём.,"Генри с Сэмом скрываются за углом, Джоэл и Элли остаются под градом пуль."
214,6. Питтсбург. Охотники,18:23,8.2,"Джоэл в ярости, но в глубине души понимает: ради своего ребёнка он поступил бы так же.","Джоэл сжимает кулаки, глядя вслед Генри."
215,6. Питтсбург. Охотники,18:32,6.7,"На мосту их снова настигают охотники, и остаётся только одно — прыгать в реку.","Четверо стоят на краю моста, внизу бурлит тёмная вода."
216,6. Питтсбург. Охотники,18:38,3.9,Джоэл уходит под воду и теряет сознание.,"Подводный кадр: Джоэл медленно погружается, над ним дрожат блики света."
217,6. Питтсбург. Охотники,18:42,1.9,Его вытаскивает Генри.,"Генри тащит Джоэла на берег, к ним бежит Элли."
218,6. Питтсбург. Охотники,18:44,1.9,Теперь они квиты.,"Джоэл откашливает воду, Генри протягивает ему руку."
219,7. Генри и Сэм,18:46,4.8,"Город остался позади, но до безопасного места ещё далеко.",Четверо бредут по мокрому берегу на рассвете.
220,7. Генри и Сэм,18:51,5.3,"Их путь лежит через канализацию, где когда-то жила целая община.","Тоннель канализации, самодельные комнаты, пустые кровати."
221,7. Генри и Сэм,18:56,8.2,"По запискам на стенах видно, как люди годами прятались здесь, растили детей и верили, что спаслись.","Крупный план: на стене мелом нарисованы дети, дом и солнце."
222,7. Генри и Сэм,19:04,4.3,Пока однажды кто-то не оставил открытой одну-единственную дверь.,"Распахнутая железная дверь, перевёрнутые стулья, тишина."
223,7. Генри и Сэм,19:09,3.9,"Выбравшись наружу, они попадают в тихий пригород.","Уютные домики с заросшими газонами, качели, почтовые ящики."
224,7. Генри и Сэм,19:13,9.1,"В разграбленном магазине Сэм замечает игрушечного робота, но Генри велит оставить его: в дорогу берут только самое нужное.","Сэм держит робота, Генри качает головой, Сэм нехотя ставит игрушку на полку."
225,7. Генри и Сэм,19:22,6.3,Элли незаметно прячет робота в свой рюкзак — она хочет сделать Сэму сюрприз.,Элли оглядывается и тихо кладёт робота в рюкзак.
226,7. Генри и Сэм,19:28,3.9,В пригороде их прижимает к земле снайпер.,"Блик прицела в окне дома, пуля выбивает щепки из забора."
227,7. Генри и Сэм,19:32,5.3,"Джоэл обходит его с тыла, пока остальные прячутся за машиной.","Джоэл крадётся вдоль домов, Генри, Сэм и Элли укрываются за перевёрнутой машиной."
228,7. Генри и Сэм,19:37,9.1,"Засев на чердаке снайпера, Джоэл прикрывает остальных, когда на них выходят охотники, а следом и целая орда заражённых.","Вид через оптический прицел: улица, бегущие охотники, за ними волна заражённых."
229,7. Генри и Сэм,19:46,4.8,В этой суматохе Сэм на несколько мгновений остаётся один.,Сэм отстаёт от остальных и вжимается спиной в стену.
230,7. Генри и Сэм,19:51,4.8,"Когда всё стихает, они находят укрытие в пустом доме.","Дом с заколоченными окнами, свет лампы в окне второго этажа."
231,7. Генри и Сэм,19:56,5.8,Впервые за много дней все четверо могут спокойно поесть и выспаться.,"Четверо за столом при свете лампы, Сэм клюёт носом."
232,7. Генри и Сэм,20:02,6.7,"Ночью Сэм спрашивает Элли: как ей кажется, заражённые ещё осознают себя — там, внутри?","Сэм сидит на кровати, обхватив колени, Элли у двери."
233,7. Генри и Сэм,20:08,2.9,"Элли не знает, что ответить.",Элли пожимает плечами и отводит глаза.
234,7. Генри и Сэм,20:11,5.3,"Зато признаётся, чего боится больше всего на свете: остаться одной.",Элли смотрит в окно на луну.
235,7. Генри и Сэм,20:17,3.4,"Когда Элли уходит, Сэм закатывает штанину.","Сэм один, дрожащими руками поднимает штанину."
236,7. Генри и Сэм,20:20,3.4,На ноге у него свежий укус.,Крупный план: укус на голени.
237,7. Генри и Сэм,20:23,2.9,Он никому ничего не сказал.,"Сэм опускает штанину, ложится и смотрит в потолок."
238,7. Генри и Сэм,20:26,6.7,Утром Элли идёт в комнату Сэма — в её рюкзаке всё ещё лежит робот.,"Элли, улыбаясь, стучит в дверь."
239,7. Генри и Сэм,20:33,2.9,Но Сэм больше не Сэм.,"Дверь приоткрывается, в полумраке — сгорбленная фигура."
240,7. Генри и Сэм,20:36,2.4,Он бросается на Элли.,"Сэм с помутневшими глазами прыгает на Элли, из рюкзака выпадает робот."
241,7. Генри и Сэм,20:38,1.5,Раздаётся выстрел.,Вспышка выстрела в дверном проёме.
242,7. Генри и Сэм,20:40,1.5,Это Генри.,"Генри с пистолетом, лицо искажено ужасом."
243,7. Генри и Сэм,20:41,3.4,Он только что застрелил собственного брата.,"Робот лежит на полу, камера поднимается к Генри с опущенным пистолетом."
244,7. Генри и Сэм,20:45,10.1,"Джоэл пытается его успокоить, но Генри, не помня себя, наводит пистолет на Джоэла и кричит, что это всё из-за него.","Генри целится в Джоэла, Джоэл медленно поднимает ладони."
245,7. Генри и Сэм,20:55,3.4,А потом приставляет пистолет к себе.,Затемнение и резкий звук выстрела.
246,7. Генри и Сэм,20:58,2.9,Всё случилось за несколько секунд.,"Тишина, пустая комната, на полу лежит игрушечный робот."
247,7. Генри и Сэм,21:01,4.3,Элли потеряла первого настоящего друга за всё путешествие.,Элли сидит у стены и смотрит в одну точку.
248,7. Генри и Сэм,21:05,4.3,Игрушечный робот так и остался лежать на полу.,"Крупный план: робот на пыльных досках, луч света из окна."
249,7. Генри и Сэм,21:10,6.3,"А Джоэл молча уводит её прочь, так и не найдя нужных слов.","Двое уходят по дороге, дом остаётся позади."
250,7. Генри и Сэм,21:16,3.4,Больше они об этом не заговорят.,"Две маленькие фигуры на пустой дороге, общий план."
251,8. Осень. Плотина Томми,21:19,1.5,Проходят месяцы.,Смена сезонов: зелёные деревья желтеют и теряют листву.
252,8. Осень. Плотина Томми,21:21,1.5,Наступает осень.,"Оранжевый лес, туман над рекой."
253,8. Осень. Плотина Томми,21:22,4.8,Джоэл и Элли раздобыли лошадь и почти перестали ругаться.,"Джоэл ведёт лошадь под уздцы, Элли сидит в седле."
254,8. Осень. Плотина Томми,21:27,8.7,"Элли читает вслух дурацкие шутки из затрёпанного сборника каламбуров, и однажды суровый Джоэл не выдерживает и смеётся.","Элли с потрёпанной книжкой, Джоэл отворачивается, пряча улыбку."
255,8. Осень. Плотина Томми,21:36,8.2,"Наконец они добираются до Вайоминга, где Томми с женой Марией и их общиной восстанавливают старую гидроэлектростанцию.","Огромная бетонная плотина в горной долине, вода шумит в шлюзах."
256,8. Осень. Плотина Томми,21:44,5.8,Братья не виделись много лет и когда-то расстались не лучшим образом.,"Джоэл и Томми стоят друг напротив друга: неловкая пауза, потом крепкое объятие."
257,8. Осень. Плотина Томми,21:50,8.7,"Не успевают они толком поговорить, как на плотину нападают бандиты, и братьям приходится отбиваться бок о бок.","Перестрелка на гребне плотины, Джоэл и Томми прикрывают друг друга."
258,8. Осень. Плотина Томми,21:58,7.2,"Томми изменился: у него есть дом, семья и посёлок, где снова горит электрический свет.","Посёлок в долине, тёплый свет в окнах, лошади у конюшни."
259,8. Осень. Плотина Томми,22:06,5.8,"Элли впервые видит, как люди не просто выживают, а по-настоящему живут.","Элли с восторгом гладит лошадь у конюшни, вокруг работают люди."
260,8. Осень. Плотина Томми,22:11,6.3,"И здесь Джоэл делает то, чего Элли от него никак не ждала.",Джоэл и Томми негромко разговаривают у окна.
261,8. Осень. Плотина Томми,22:18,4.3,Он просит брата самому довести её до «Цикад».,"Джоэл кладёт руку Томми на плечо, лицо серьёзное."
262,8. Осень. Плотина Томми,22:22,7.7,"Томми когда-то был одним из них и знает дорогу, а Джоэл хочет выйти из игры.",Флэшбек: молодой Томми у костра среди людей с символом «Цикад».
263,8. Осень. Плотина Томми,22:30,7.2,"Томми не хочет снова рисковать: у него жена и люди, которые на него рассчитывают.",Томми качает головой и показывает на посёлок за окном.
264,8. Осень. Плотина Томми,22:37,9.1,Джоэл напоминает ему о старом долге: в первые годы после эпидемии именно он тащил младшего брата на себе.,"Флэшбек: молодые братья пробираются через руины, Джоэл впереди."
265,8. Осень. Плотина Томми,22:46,6.7,"А Томми вспоминает те годы с ужасом: чтобы выжить, братья делали страшные вещи.",Томми отводит взгляд и мрачнеет.
266,8. Осень. Плотина Томми,22:53,2.9,В конце концов он соглашается.,Томми нехотя пожимает брату руку.
267,8. Осень. Плотина Томми,22:56,2.4,Элли узнаёт об этом.,"Элли стоит за приоткрытой дверью, до неё доносятся обрывки разговора."
268,8. Осень. Плотина Томми,22:58,5.3,Она угоняет лошадь и сбегает в заброшенный дом на ранчо.,Элли галопом уносится по осенней долине.
269,8. Осень. Плотина Томми,23:03,6.7,"Джоэл находит её, и между ними случается самый честный разговор за всё путешествие.","Пыльная комната на втором этаже: Элли у окна, Джоэл в дверях."
270,8. Осень. Плотина Томми,23:10,4.8,"Элли уже знает, что у Джоэла когда-то была дочь.",Элли смотрит на Джоэла в упор.
271,8. Осень. Плотина Томми,23:15,7.7,"Стоит ей заговорить о Саре, Джоэл резко обрывает её: она ступает на очень тонкий лёд.","Джоэл резко поворачивается, в голосе сталь."
272,8. Осень. Плотина Томми,23:23,5.8,"Она говорит, что она не Сара, — но она тоже теряла близких.","Элли стоит, сжав кулаки, голос срывается."
273,8. Осень. Плотина Томми,23:28,4.8,"Все, кто был ей дорог, либо умерли, либо ушли.",Позади Элли проступают и тают светлые силуэты людей.
274,8. Осень. Плотина Томми,23:33,1.9,"Все, кроме Джоэла.",Крупный план: у Элли в глазах слёзы.
275,8. Осень. Плотина Томми,23:35,5.8,И с Томми ей будет не безопаснее — ей будет только страшнее.,"Элли отворачивается к окну, плечи дрожат."
276,8. Осень. Плотина Томми,23:41,6.3,"Джоэл отвечает жёстко: она ему не дочь, а он ей не отец.",Джоэл отворачивается и сжимает челюсти.
277,8. Осень. Плотина Томми,23:47,7.2,"Звучит грубо, но похоже, что прежде всего он пытается убедить в этом самого себя.","Джоэл один у окна, трёт лицо ладонями."
278,8. Осень. Плотина Томми,23:55,4.3,"Их разговор обрывают бандиты, которые нападают на ранчо.","Всадники с оружием окружают дом, звенит разбитое стекло."
279,8. Осень. Плотина Томми,23:59,3.4,"Джоэл, Элли и Томми отбиваются вместе.","Перестрелка в старом доме, Элли подаёт Джоэлу патроны."
280,8. Осень. Плотина Томми,24:02,8.7,"Джоэл видит, как уверенно Элли держится в бою, и понимает: это уже не та девочка из Бостона.","Элли прикрывает Джоэла, он смотрит на неё с удивлением."
281,8. Осень. Плотина Томми,24:11,3.9,"А когда всё заканчивается, Джоэл принимает решение.","Джоэл смотрит на Элли, потом на Томми."
282,8. Осень. Плотина Томми,24:15,2.9,Он поедет с ней сам.,Джоэл протягивает Элли руку и помогает забраться в седло.
283,8. Осень. Плотина Томми,24:18,4.8,"Томми подсказывает, где искать «Цикад»: в Университете Восточного Колорадо.",Томми показывает направление на потрёпанной карте.
284,8. Осень. Плотина Томми,24:22,7.7,"Впервые Джоэл остаётся рядом с Элли не из-за сделки, а потому что сам этого хочет.",Двое верхом уезжают по осенней равнине навстречу закату.
285,8. Осень. Плотина Томми,24:30,3.4,Дорога до Колорадо займёт несколько недель.,Двое верхом едут через осенние горы.
286,9. Университет,24:34,2.4,Университет встречает их тишиной.,"Пустой кампус, облетевшие деревья, листья на ступенях."
287,9. Университет,24:36,7.2,"Элли бродит по брошенным общежитиям и пытается представить, как здесь когда-то жили обычные студенты.",Элли разглядывает плакаты и фотографии в пустой комнате общежития.
288,9. Университет,24:43,2.4,Но лаборатория «Цикад» брошена.,"Пустая лаборатория, открытые клетки, разбросанные бумаги."
289,9. Университет,24:46,6.7,"Из открытых клеток разбежались подопытные обезьяны, а от учёных не осталось и следа.",По пустому коридору пробегают несколько обезьян.
290,9. Университет,24:52,3.9,Джоэл мрачнеет: столько месяцев пути — и никого.,Джоэл устало опускается на стул среди разбросанных бумаг.
291,9. Университет,24:56,8.2,"На столе лежит диктофон, и из записи ясно: учёные перебрались в больницу Святой Марии в Солт-Лейк-Сити.","Крупный план: старый диктофон, крутится кассета."
292,9. Университет,25:04,4.3,Уйти они не успевают — в кампус врываются бандиты.,Вооружённые люди бегут через внутренний двор.
293,9. Университет,25:09,6.3,В схватке Джоэл срывается с балкона и падает прямо на торчащую арматуру.,"Замедленное падение, камера отворачивается в момент удара."
294,9. Университет,25:15,2.9,Железный прут пробивает ему бок.,"Джоэл, стиснув зубы, зажимает рану ладонью."
295,9. Университет,25:18,4.3,Элли помогает ему подняться и забраться на лошадь.,Элли подставляет плечо и тащит Джоэла к лошади.
296,9. Университет,25:22,4.8,"Теперь уже она тащит его, а не он её.",Маленькая Элли из последних сил тянет огромного Джоэла.
297,9. Университет,25:27,6.3,"Они вырываются из кампуса, но где-то в поле Джоэл падает из седла.","Лошадь скачет, Джоэл сползает и падает в траву."
298,9. Университет,25:33,3.4,Элли трясёт его и умоляет подняться.,Элли на коленях рядом с Джоэлом трясёт его за плечи.
299,9. Университет,25:37,1.9,Джоэл не отвечает.,Затемнение.
300,9. Университет,25:39,3.4,А до зимы остаются считаные дни.,Первые снежинки падают на пожухлую траву.
301,10. Воспоминание Элли. Райли,25:42,2.9,Теперь спасать Джоэла предстоит Элли.,"Заброшенный дом, Джоэл без сознания на матрасе, Элли укрывает его курткой."
302,10. Воспоминание Элли. Райли,25:45,4.3,Она отправляется за лекарствами в заброшенный торговый центр.,"Элли входит в тёмный торговый центр, сквозь дыры в крыше падает свет."
303,10. Воспоминание Элли. Райли,25:49,7.2,"И пока она бродит по пустым галереям, в памяти всплывает совсем другой торговый центр.",Пустой зал плавно перетекает в ночной зал другого торгового центра.
304,10. Воспоминание Элли. Райли,25:56,3.4,"Бостон, незадолго до встречи с Джоэлом.",Титр «Бостон. Незадолго до встречи с Джоэлом».
305,10. Воспоминание Элли. Райли,26:00,7.7,"Эта часть истории рассказана в дополнении Left Behind, которое сегодня входит в ремейк Part I.",Титр «Left Behind» на фоне ночного торгового центра.
306,10. Воспоминание Элли. Райли,26:08,2.4,Лучшая подруга Элли — Райли.,Девочка чуть старше Элли с короткими волосами и дерзкой улыбкой.
307,10. Воспоминание Элли. Райли,26:10,6.7,"Однажды она пропала на несколько недель, а вернувшись, призналась, что вступила в «Цикады».",Райли показывает висящий на шее кулон со знаком «Цикад».
308,10. Воспоминание Элли. Райли,26:17,5.8,"Райли верит, что с «Цикадами» её жизнь наконец будет что-то значить.","Райли смотрит вдаль, в глазах огонь."
309,10. Воспоминание Элли. Райли,26:22,5.8,В ту ночь Райли тайком привела Элли в заброшенный торговый центр.,"Две девочки пролезают через решётку в тёмный молл, светят фонариками."
310,10. Воспоминание Элли. Райли,26:28,10.1,"Там, как будто в последний вечер детства, они катались на карусели, дурачились в фотобудке и устроили битву на водяных пистолетах.","Карусель в огоньках, девочки хохочут, вспыхивает фотобудка, летят брызги."
311,10. Воспоминание Элли. Райли,26:38,10.6,"У сломанного игрового автомата Райли в лицах изображает драку героев на экране, а Элли жмёт на кнопки и хохочет до слёз.","Элли колотит по кнопкам автомата с тёмным экраном, Райли размахивает руками и изображает удары."
312,10. Воспоминание Элли. Райли,26:49,6.3,"А потом Райли сказала, что уходит: «Цикады» отправляют её в другой город.","Райли опускает глаза, огоньки карусели гаснут один за другим."
313,10. Воспоминание Элли. Райли,26:55,2.9,Элли попросила её не уходить.,"Элли держит Райли за руку, в глазах мольба."
314,10. Воспоминание Элли. Райли,26:58,4.8,И Райли сорвала с шеи кулон «Цикад» — она осталась.,Кулон падает на кафельный пол.
315,10. Воспоминание Элли. Райли,27:03,1.9,Элли её поцеловала.,Силуэты двух девочек в свете гирлянд.
316,10. Воспоминание Элли. Райли,27:05,3.4,Но это счастье длилось всего минуту.,"За стеклом в темноте мелькают тени, слышен топот."
317,10. Воспоминание Элли. Райли,27:08,2.4,На них напали заражённые.,"Бегуны врываются в зал, девочки бросаются бежать."
318,10. Воспоминание Элли. Райли,27:11,1.5,Укусили обеих.,"Крупные планы: рука Элли, рука Райли."
319,10. Воспоминание Элли. Райли,27:12,7.2,"Они знали, что будет дальше, и решили не расставаться до конца — просто ждать вместе.","Девочки сидят рядом у стены, держась за руки."
320,10. Воспоминание Элли. Райли,27:19,6.3,"Сойти с ума вдвоём, сказала Райли, — в этом даже есть что-то красивое.",Райли слабо улыбается и сжимает руку Элли.
321,10. Воспоминание Элли. Райли,27:26,1.9,Райли не стало.,"Пустое место у стены, лежит одинокий фонарик."
322,10. Воспоминание Элли. Райли,27:28,3.4,А Элли так и не превратилась.,Элли одна смотрит на заживающий укус на руке.
323,10. Воспоминание Элли. Райли,27:31,4.3,Так «Цикады» и узнали о девочке с иммунитетом.,Марлин склоняется над Элли в полутёмной комнате.
324,10. Воспоминание Элли. Райли,27:35,5.3,Марлин спрятала её и стала искать способ доставить к учёным.,"Марлин смотрит в окно на ночной Бостон, Элли спит на койке."
325,10. Воспоминание Элли. Райли,27:41,6.7,"Вернувшись в настоящее, Элли находит аптечку и сама, дрожащими руками, зашивает рану Джоэла.","Элли вдевает нитку в иглу, склонившись над Джоэлом."
326,10. Воспоминание Элли. Райли,27:47,3.9,Она не собирается терять ещё одного человека.,"Элли держит Джоэла за руку, за окном начинает падать снег."
327,11. Зима. Дэвид,27:51,1.5,Приходит зима.,"Заснеженный лес, заброшенные домики курорта у замёрзшего озера."
328,11. Зима. Дэвид,27:53,8.7,"В основной игре именно здесь мы впервые управляем Элли: теперь она защищает Джоэла, а не он её.","Элли в тёплой куртке, с луком за спиной, выходит в метель."
329,11. Зима. Дэвид,28:01,5.8,"Рана Джоэла воспалилась, у него жар, и без антибиотиков он умрёт.","Джоэл в бреду под грудой одеял, Элли меняет ему повязку."
330,11. Зима. Дэвид,28:07,3.9,"Элли охотится с луком, чтобы добыть еду.",Элли натягивает тетиву и выдыхает облачко пара.
331,11. Зима. Дэвид,28:11,4.8,Она ранит оленя и долго идёт по его следу.,"Стрела свистит между деревьями, на снегу тянутся следы."
332,11. Зима. Дэвид,28:16,4.3,Но возле туши её уже ждут двое незнакомцев.,Двое мужчин в зимних куртках стоят над оленем.
333,11. Зима. Дэвид,28:20,1.9,Старший представляется Дэвидом.,Мужчина с аккуратной бородой спокойно улыбается.
334,11. Зима. Дэвид,28:22,5.3,"Он рассказывает, что его община голодает, а зима только началась.","Дэвид кивает в сторону далёких домов, над которыми вьётся дымок."
335,11. Зима. Дэвид,28:27,5.8,"Он вежлив, рассудителен и предлагает обмен: оленина в обмен на лекарство.","Дэвид поднимает раскрытые ладони, показывая, что не опасен."
336,11. Зима. Дэвид,28:33,5.8,"Пока его спутник Джеймс ходит за антибиотиками, на них нападают заражённые.","Из-за деревьев выбегает толпа бегунов, Элли и Дэвид бегут к старому домику."
337,11. Зима. Дэвид,28:39,3.9,Дэвид и Элли отбиваются спина к спине.,Дэвид с ружьём и Элли с винтовкой прикрывают друг друга в полутёмной комнате.
338,11. Зима. Дэвид,28:43,5.3,"Это её первый бой без Джоэла, и она держится молодцом.","Элли точным выстрелом снимает заражённого, Дэвид одобрительно кивает."
339,11. Зима. Дэвид,28:48,2.9,Дэвид явно восхищается этой девочкой.,"Дэвид смотрит на Элли с непонятным, пристальным интересом."
340,11. Зима. Дэвид,28:51,8.7,"А потом будто между делом замечает: мужчина, с которым она путешествует, убил в университете многих его людей.","Дэвид спокойно чистит ружьё, взгляд холодный."
341,11. Зима. Дэвид,29:00,2.9,Элли становится не по себе.,Элли медленно пятится к двери.
342,11. Зима. Дэвид,29:03,3.9,Но Дэвид отпускает её вместе с лекарством.,"Элли скачет на лошади сквозь снегопад, прижимая к себе сумку."
343,11. Зима. Дэвид,29:06,4.3,"Элли делает Джоэлу укол, и жар начинает спадать.","Шприц в руке Элли, Джоэл хмурится во сне."
344,11. Зима. Дэвид,29:11,4.8,Всю ночь она сидит рядом и не смыкает глаз.,"Элли сидит у постели Джоэла с ружьём на коленях, догорает свеча."
345,11. Зима. Дэвид,29:16,4.3,Но люди Дэвида уже идут по её следу.,"Следы копыт на снегу, по ним идёт отряд мужчин с фонарями."
346,11. Зима. Дэвид,29:20,4.8,"Элли уводит их подальше от убежища, где спит Джоэл.",Элли скачет прочь от дома и оглядывается через плечо.
347,11. Зима. Дэвид,29:25,6.7,"Она понимает: если они найдут Джоэла, беспомощного и в жару, его просто убьют.","Элли оглядывается на дом, где в окне теплится свеча."
348,11. Зима. Дэвид,29:31,1.5,Её ловят.,"Лошадь падает, Элли летит в снег, над ней нависает тень Дэвида."
349,11. Зима. Дэвид,29:33,3.4,Элли приходит в себя в клетке.,Элли за железными прутьями под тусклой лампой.
350,11. Зима. Дэвид,29:36,2.9,За стеной кто-то рубит мясо.,"Тень мясника на стене, мерный стук тесака."
351,11. Зима. Дэвид,29:39,3.9,"И Элли вдруг понимает, чьё это мясо.",Крупный план: широко распахнутые от ужаса глаза Элли.
352,11. Зима. Дэвид,29:43,1.9,Люди Дэвида — каннибалы.,"Заснеженный посёлок, над крышами поднимается дым."
353,11. Зима. Дэвид,29:45,5.8,Вот почему его община до сих пор не умерла с голоду.,"Пустые миски на столе, тусклый свет."
354,11. Зима. Дэвид,29:51,5.8,"Дэвид приходит к клетке и разговаривает с ней мягко, почти по-отечески.",Дэвид сидит на корточках у клетки с миской в руках.
355,11. Зима. Дэвид,29:57,8.2,"Он хочет, чтобы Элли осталась с ним: по его словам, они похожи, у обоих жестокое сердце.",Дэвид просовывает руку сквозь прутья.
356,11. Зима. Дэвид,30:05,4.8,Элли хватает его за руку и ломает ему палец.,"Резкое движение, Дэвид кричит и отдёргивает руку."
357,11. Зима. Дэвид,30:10,6.7,"И наконец называет своё имя: пусть все знают, что палец ему сломала Элли.",Элли у прутьев с яростным взглядом.
358,11. Зима. Дэвид,30:16,3.4,Тем временем Джоэл приходит в себя.,"Джоэл открывает глаза: в подвале пусто, Элли нигде нет."
359,11. Зима. Дэвид,30:20,4.3,"Едва держась на ногах, он отправляется на поиски.","Джоэл, держась за бок, выходит в метель."
360,11. Зима. Дэвид,30:24,4.8,Он ловит двоих людей Дэвида и заставляет их говорить.,"Полутёмный подвал, двое связанных пленников, над ними качается лампа."
361,11. Зима. Дэвид,30:29,5.3,"Он допрашивает их с такой жестокостью, что становится по-настоящему страшно.","Тени мечутся по стенам, Джоэла видно только со спины."
362,11. Зима. Дэвид,30:34,5.8,"Получив ответ, он не оставляет в живых ни одного из них.","Дверь подвала медленно закрывается, лампа гаснет."
363,11. Зима. Дэвид,30:40,3.9,"Чтобы вернуть Элли, Джоэл готов на всё.","Джоэл выходит из подвала, вытирая руки."
364,11. Зима. Дэвид,30:44,3.9,А Элли уже тащат на разделочный стол.,Двое мужчин волокут Элли по коридору.
365,11. Зима. Дэвид,30:48,5.3,"В последний момент она выкрикивает, что заражена, и показывает укус.","Элли задирает рукав, Джеймс отшатывается."
366,11. Зима. Дэвид,30:53,4.8,"Джеймс на мгновение теряется, и этого мгновения ей хватает.",Элли хватает со стола тесак.
367,11. Зима. Дэвид,30:58,3.9,Элли убивает его и вырывается на свободу.,"Удар за кадром, Элли выбегает на заснеженную улицу."
368,11. Зима. Дэвид,31:02,3.4,Дэвид идёт за ней по пятам.,Дэвид с мачете идёт по снегу и зовёт её по имени.
369,11. Зима. Дэвид,31:05,4.3,"Погоня заканчивается в старом ресторане, который охватывает пожар.","Деревянный стейк-хаус в огне, из окон валит дым."
370,11. Зима. Дэвид,31:09,5.8,"Дэвид зовёт её ласково, почти нараспев, и от этого ещё страшнее.","Дэвид медленно идёт между столами, в отблесках огня поблёскивает лезвие."
371,11. Зима. Дэвид,31:15,5.3,"Среди горящих столов Дэвид охотится на неё, как на добычу.","Силуэт Дэвида в пламени, Элли прячется за барной стойкой."
372,11. Зима. Дэвид,31:20,4.3,"Элли ранит его ножом, но он гораздо сильнее.",Дэвид хватает Элли и швыряет её на пол.
373,11. Зима. Дэвид,31:25,3.9,Дэвид наваливается на неё и начинает душить.,"Руки Дэвида на горле Элли, вокруг бушует огонь."
374,11. Зима. Дэвид,31:29,2.4,Пальцы Элли нащупывают мачете.,Крупный план: рука Элли тянется к рукояти.
375,11. Зима. Дэвид,31:31,5.3,"Она бьёт — снова и снова, даже когда Дэвид уже мёртв.","Размытый кадр, красные отблески огня, крик Элли."
376,11. Зима. Дэвид,31:36,3.4,Чьи-то руки оттаскивают её в сторону.,Кто-то хватает Элли за плечи сзади.
377,11. Зима. Дэвид,31:40,3.9,"Элли отбивается, не понимая, кто перед ней.",Элли вырывается и замахивается.
378,11. Зима. Дэвид,31:44,1.5,Это Джоэл.,Лицо Джоэла в отблесках пламени.
379,11. Зима. Дэвид,31:45,6.3,"Он прижимает её к себе и шепчет: всё хорошо, малышка, я рядом.",Джоэл обнимает рыдающую Элли.
380,11. Зима. Дэвид,31:51,2.9,Так он когда-то называл Сару.,Флэшбек: Джоэл обнимает маленькую Сару на диване.
381,11. Зима. Дэвид,31:54,5.3,В этот момент он окончательно перестаёт видеть в Элли груз.,"Двое выходят из горящего ресторана, Джоэл укрывает её своей курткой."
382,11. Зима. Дэвид,31:59,2.4,Она стала ему дочерью.,"Джоэл и Элли уходят по снегу, их фигуры тают в метели."
383,12. Весна. Жирафы,32:02,1.0,Весна.,"Цветущие деревья среди руин, по камням журчит ручей."
384,12. Весна. Жирафы,32:03,3.4,Джоэл и Элли добираются до Солт-Лейк-Сити.,"Панорама города у подножия гор, небоскрёбы в свежей зелени."
385,12. Весна. Жирафы,32:06,5.3,"Где-то здесь, в больнице Святой Марии, их должны ждать «Цикады».",Вдали над городом виднеется здание больницы.
386,12. Весна. Жирафы,32:12,7.2,"Элли будто подменили: она молчит, почти не шутит и подолгу смотрит в одну точку.","Элли плетётся позади, опустив голову."
387,12. Весна. Жирафы,32:19,5.3,"Она пережила то, чего не должен переживать ни один ребёнок.","Элли смотрит на свои руки, перед глазами вспыхивает пожар."
388,12. Весна. Жирафы,32:24,3.4,Теперь уже Джоэл пытается её разговорить.,Джоэл оглядывается и неуклюже пытается шутить.
389,12. Весна. Жирафы,32:27,5.8,"Роли поменялись: теперь он шутит и рассказывает истории, а она молчит.","Джоэл что-то рассказывает и жестикулирует, Элли безучастно кивает."
390,12. Весна. Жирафы,32:33,4.3,И вдруг Элли что-то замечает и бросается вперёд.,"Элли резко останавливается, а потом срывается с места."
391,12. Весна. Жирафы,32:38,1.0,Жирафы.,По заросшей улице между брошенными машинами идёт стадо жирафов.
392,12. Весна. Жирафы,32:39,3.4,"Элли замирает, не веря своим глазам.","Крупный план: Элли с открытым ртом, в глазах отражается жираф."
393,12. Весна. Жирафы,32:42,5.3,"Настоящие жирафы, сбежавшие когда-то из зоопарка, свободно бродят среди руин.",Жираф тянется к листьям на ветке у окна многоэтажки.
394,12. Весна. Жирафы,32:47,6.3,Элли гладит одного из них и впервые за долгое время по-настоящему улыбается.,"Элли касается морды жирафа, её лицо светится."
395,12. Весна. Жирафы,32:53,7.2,Это одна из самых светлых сцен игры: посреди мёртвого мира жизнь всё равно продолжается.,"Жирафы щиплют листья у разбитой машины, вокруг летают птицы."
396,12. Весна. Жирафы,33:01,5.3,"Они долго смотрят, как стадо уходит вдаль по зелёному городу.","Вид сверху: двое на краю крыши, жирафы в закатном свете."
397,12. Весна. Жирафы,33:06,5.3,"Джоэл говорит, что они могут развернуться и вернуться к Томми.",Джоэл кладёт руку Элли на плечо.
398,12. Весна. Жирафы,33:11,3.4,Им не обязательно идти до конца.,Крупный план: в глазах Джоэла сомнение.
399,12. Весна. Жирафы,33:15,7.7,"Но Элли отвечает: после всего, через что они прошли, всё это не может быть напрасно.",Элли смотрит на него решительно.
400,12. Весна. Жирафы,33:22,2.4,И они идут дальше.,Двое спускаются к городу.
401,12. Весна. Жирафы,33:25,3.4,"Кажется, Джоэл надеялся услышать другой ответ.",Джоэл на секунду задерживается и смотрит на уходящих жирафов.
402,12. Весна. Жирафы,33:28,3.9,Путь к больнице лежит через затопленный тоннель.,"Тёмный тоннель, вода по колено."
403,12. Весна. Жирафы,33:32,6.7,"Элли не умеет плавать, и Джоэл толкает её перед собой на деревянном поддоне.","Элли сидит на поддоне, Джоэл плывёт и толкает его вперёд."
404,12. Весна. Жирафы,33:39,2.9,Течение утягивает Элли под воду.,"Поддон переворачивается, Элли исчезает в бурлящей воде."
405,12. Весна. Жирафы,33:42,4.8,"Джоэл ныряет и вытаскивает её, но она не дышит.",Джоэл на коленях делает искусственное дыхание.
406,12. Весна. Жирафы,33:47,7.2,"Он пытается вернуть её к жизни, и в этот момент их окружает патруль «Цикад».","Лучи фонарей, люди с автоматами обступают их."
407,12. Весна. Жирафы,33:54,2.4,Удар прикладом — и темнота.,"Удар, экран гаснет."
408,13. Больница. Выбор,33:56,3.9,Джоэл приходит в себя в больничной палате.,"Белый свет, капельница, Джоэл щурится."
409,13. Больница. Выбор,34:00,1.9,Рядом стоит Марлин.,"Марлин у окна, руки скрещены на груди."
410,13. Больница. Выбор,34:02,3.9,"Элли жива: она здесь, в госпитале «Цикад».","Коридор больницы, за стеклом мелькают люди в белых халатах."
411,13. Больница. Выбор,34:06,5.8,"Но дальше Марлин говорит то, к чему Джоэл совсем не готов.","Крупный план: Марлин медлит, подбирая слова."
412,13. Больница. Выбор,34:12,6.3,"Грибок в теле Элли мутировал, и именно поэтому он её не убивает.","Анимация: мозг, опутанный светящимися нитями гриба."
413,13. Больница. Выбор,34:18,3.4,Учёные «Цикад» годами искали такого человека.,Стопки папок и снимков на столе в лаборатории.
414,13. Больница. Выбор,34:21,6.3,"Чтобы создать вакцину, врачам нужно извлечь этот грибок прямо из её мозга.","Операционная: включаются лампы, на столике разложены инструменты."
415,13. Больница. Выбор,34:27,2.4,Элли не переживёт операцию.,Элли без сознания на операционном столе.
416,13. Больница. Выбор,34:30,2.4,Её даже не спросили.,Хирург в маске натягивает перчатки.
417,13. Больница. Выбор,34:32,6.7,"Марлин уверена, что Элли сама выбрала бы это — ведь на кону спасение человечества.","Марлин смотрит на Джоэла, голос мягкий, но непреклонный."
418,13. Больница. Выбор,34:39,5.3,Для «Цикад» это жертва ради всех остальных людей на Земле.,"Марлин у окна, за стеклом лежит разрушенный город."
419,13. Больница. Выбор,34:44,6.3,Марлин и самой тяжело: когда-то она обещала матери Элли присматривать за девочкой.,"Марлин опускает глаза, в руке у неё старая фотография."
420,13. Больница. Выбор,34:51,1.9,Но решение принято.,"Крупный план: табличка «Операционная», над дверью загорается лампа."
421,13. Больница. Выбор,34:53,2.4,Джоэла выводят под конвоем.,Боец «Цикад» с автоматом ведёт Джоэла по коридору.
422,13. Больница. Выбор,34:55,2.4,Уходить он не собирается.,"Крупный план: Джоэл сжимает кулак, глядя в затылок конвоиру."
423,13. Больница. Выбор,34:57,4.3,Джоэл обезоруживает конвоира и начинает прорываться через больницу.,"Резкий рывок, короткая схватка, Джоэл с автоматом в руках."
424,13. Больница. Выбор,35:02,8.2,"Игра не даёт нам выбора: мы — Джоэл, и нам приходится пройти этот путь вместе с ним.",Вид из-за плеча Джоэла: длинный коридор и мигающие лампы.
425,13. Больница. Выбор,35:10,6.3,"Этаж за этажом он убивает всех, кто встаёт у него на пути.","Длинный больничный коридор, мигающие лампы, вспышки выстрелов."
426,13. Больница. Выбор,35:16,2.4,Он врывается в операционную.,"Двери распахиваются, слепящий свет операционных ламп."
427,13. Больница. Выбор,35:19,4.3,Элли лежит под наркозом и ничего не знает.,"Элли спит под яркой лампой, на лице кислородная маска."
428,13. Больница. Выбор,35:23,3.9,"Хирург заслоняет Элли, выставив перед собой скальпель.","Хирург в маске поднимает скальпель, за ним Элли на столе."
429,13. Больница. Выбор,35:27,1.9,Джоэл убивает его.,"Затемнение, звон упавшего скальпеля."
430,13. Больница. Выбор,35:29,5.3,Он отсоединяет Элли от аппаратов и уносит её на руках.,Джоэл несёт Элли в больничной рубашке.
431,13. Больница. Выбор,35:34,2.4,Позади воет сирена тревоги.,Красные мигающие лампы в коридоре.
432,13. Больница. Выбор,35:36,8.7,Этот кадр почти в точности повторяет пролог: двадцать лет назад он так же нёс на руках Сару.,Разделённый экран: Джоэл несёт Сару в 2013-м и Элли в 2034-м.
433,13. Больница. Выбор,35:45,6.3,Только на этот раз он никому не позволит отнять у него ребёнка.,Крупный план: Джоэл прижимает Элли к груди.
434,13. Больница. Выбор,35:51,4.3,В подземном гараже его ждёт Марлин с пистолетом.,"Бетонный паркинг, Марлин в свете фар целится в Джоэла."
435,13. Больница. Выбор,35:56,4.8,Она уговаривает его одуматься: ещё не поздно поступить правильно.,"Марлин делает шаг вперёд, голос дрожит."
436,13. Больница. Выбор,36:01,1.9,Джоэл стреляет первым.,"Вспышка выстрела, Марлин падает."
437,13. Больница. Выбор,36:02,2.4,Раненая Марлин просит пощады.,Марлин лежит у машины и протягивает руку.
438,13. Больница. Выбор,36:05,5.8,"Но Джоэл понимает: пока она жива, «Цикады» будут охотиться за Элли.",Джоэл медленно поднимает пистолет.
439,13. Больница. Выбор,36:11,1.9,И добивает её.,"Затемнение, одиночный выстрел."
440,13. Больница. Выбор,36:13,4.8,"Возможно, в этот день человечество потеряло свой единственный шанс.","Пустая операционная, лампы гаснут одна за другой."
441,13. Больница. Выбор,36:17,2.9,Но Джоэл спас свою девочку.,Машина выезжает из гаража в ночь.
442,13. Больница. Выбор,36:20,4.8,И ради неё он был готов сжечь весь мир.,"Машина уезжает по ночному шоссе, позади зарево над больницей."
443,14. Финал. «Клянусь»,36:25,3.4,Элли просыпается на заднем сиденье машины.,"Элли открывает глаза, за окном мелькают деревья."
444,14. Финал. «Клянусь»,36:29,2.9,"Она не понимает, что произошло.",Элли в больничной рубашке растерянно оглядывается.
445,14. Финал. «Клянусь»,36:31,5.3,"Джоэл рассказывает ей, что таких, как она, оказалось много — десятки.","Джоэл за рулём смотрит на дорогу, а не на неё."
446,14. Финал. «Клянусь»,36:37,4.8,Что вакцину создать не вышло и «Цикады» бросили поиски.,Крупный план: руки Джоэла крепко сжимают руль.
447,14. Финал. «Клянусь»,36:42,2.4,Что они едут домой.,Машина едет по пустой дороге к горам.
448,14. Финал. «Клянусь»,36:44,1.9,Всё это ложь.,"Затемнение, крупный план треснувших часов на запястье."
449,14. Финал. «Клянусь»,36:46,4.3,"Джоэл уверен, что так будет лучше для неё.",Джоэл бросает быстрый взгляд в зеркало заднего вида на спящую Элли.
450,14. Финал. «Клянусь»,36:50,4.8,Элли ничего не отвечает и долго смотрит в окно.,"Отражение Элли в стекле, за окном проплывают горы."
451,14. Финал. «Клянусь»,36:55,4.3,Последние километры до посёлка Томми они идут пешком.,"Двое идут по склону холма, внизу виден посёлок за деревянной стеной."
452,14. Финал. «Клянусь»,36:59,6.7,"Светит солнце, и впереди долина, где их ждут Томми, Мария и спокойная жизнь.","Солнечная долина, за частоколом виден посёлок."
453,14. Финал. «Клянусь»,37:06,1.9,Вдруг Элли останавливается.,Элли замирает посреди тропинки.
454,14. Финал. «Клянусь»,37:08,6.3,"И рассказывает Джоэлу о той ночи, когда её укусили вместе с Райли.",Короткий флэшбек: две девочки сидят у стены в торговом центре.
455,14. Финал. «Клянусь»,37:14,1.9,Райли умерла первой.,Светлый силуэт Райли растворяется в воздухе.
456,14. Финал. «Клянусь»,37:16,1.5,Потом Тесс.,Силуэт Тесс растворяется.
457,14. Финал. «Клянусь»,37:18,1.5,Потом Сэм.,Силуэт Сэма растворяется.
458,14. Финал. «Клянусь»,37:19,6.3,"Все погибли, а она осталась — и до сих пор ждёт своей очереди.","Элли одна посреди поля, ветер колышет траву."
459,14. Финал. «Клянусь»,37:25,4.3,"Джоэл отвечает, что её вины в этом нет.","Джоэл подходит ближе, говорит тихо."
460,14. Финал. «Клянусь»,37:30,9.6,"Он признаётся: сам он долгие годы просто выживал, а она, несмотря ни на что, всегда находила, за что бороться.","Джоэл смотрит на Элли с нежностью, которой мы от него ещё не видели."
461,14. Финал. «Клянусь»,37:39,8.2,"Элли смотрит ему в глаза и просит поклясться, что всё, что он рассказал про «Цикад», — правда.",Крупный план: в глазах Элли одновременно надежда и сомнение.
462,14. Финал. «Клянусь»,37:48,2.4,Джоэл не отводит взгляда.,"Крупный план: лицо Джоэла, ни один мускул не дрогнет."
463,14. Финал. «Клянусь»,37:50,3.9,Он мог бы сказать правду прямо сейчас.,Крупный план: пальцы Джоэла чуть сжимаются.
464,14. Финал. «Клянусь»,37:54,1.0,«Клянусь».,Крупный план: губы Джоэла произносят одно слово.
465,14. Финал. «Клянусь»,37:55,1.9,Элли долго молчит.,"Пауза, ветер колышет траву."
466,14. Финал. «Клянусь»,37:57,2.4,А потом отвечает: «Хорошо».,"Элли медленно кивает и идёт вниз к посёлку, Джоэл идёт следом."
467,14. Финал. «Клянусь»,37:59,3.4,На этом слове всё и заканчивается.,Чёрный экран.
468,15. Вместо титров,38:03,4.3,"Игра так и не говорит, прав ли Джоэл.","Двое стоят на холме над посёлком, вид со спины."
469,15. Вместо титров,38:07,4.8,"Он солгал человеку, которого любит больше всего на свете.","Лицо Джоэла: половина в свете, половина в тени."
470,15. Вместо титров,38:12,4.8,"Он решил за Элли — и, возможно, лишил человечество лекарства.","Пустая операционная, пыль в луче света."
471,15. Вместо титров,38:17,6.3,"А может быть, и нет: никто не знает, сработала бы эта вакцина.","Пробирка на столе лаборатории, свет медленно гаснет."
472,15. Вместо титров,38:23,7.7,"Но вспомните, с чего всё началось: двадцать лет назад у него на руках умерла дочь.",Флэшбек: треснувшие часы на запястье.
473,15. Вместо титров,38:31,5.3,И вот судьба снова поставила его перед тем же выбором.,Разделённый экран: Сара и Элли.
474,15. Вместо титров,38:36,3.9,На этот раз он выбрал свою девочку.,Джоэл держит Элли за руку.
475,15. Вместо титров,38:40,4.3,Даже если ради этого пришлось солгать ей самой.,"Джоэл и Элли идут рядом, не глядя друг на друга."
476,15. Вместо титров,38:44,4.3,Помните семью на обочине в первую ночь эпидемии?,Флэшбек: фигура с ребёнком в зеркале заднего вида.
477,15. Вместо титров,38:48,5.8,"Джоэл всегда выбирал своих, даже если весь остальной мир оставался позади.","Дорога уходит вдаль, позади горит закат."
478,15. Вместо титров,38:54,5.8,"Кто он: герой, спасший ребёнка, или эгоист, лишивший мир последней надежды?","Джоэл крупным планом, свет медленно гаснет."
479,15. Вместо титров,39:00,3.4,Каждый отвечает на этот вопрос сам.,"Костёр в ночном лесу, тот же, что и во вступлении."
480,15. Вместо титров,39:03,7.2,Именно за это The Last of Us и любят: это не история про зомби.,"Быстрый монтаж: жирафы, треснувшие часы, горящий ресторан."
481,15. Вместо титров,39:11,9.6,"Это история о любви, о потере и о том, на что человек готов пойти ради тех, кто ему дорог.","Джоэл и Элли у костра, тёплый свет на лицах."
482,15. Вместо титров,39:20,1.5,А Элли?,Элли смотрит вдаль.
483,15. Вместо титров,39:22,8.2,"Многим кажется, что её «хорошо» звучит так, будто она уже догадывается о правде, но решает поверить.","Крупный план: Элли опускает взгляд, потом снова поднимает глаза."
484,15. Вместо титров,39:30,6.3,"Эта ложь ещё аукнется им обоим, но это уже совсем другая история.","Далёкий посёлок, над ним собираются тучи."
485,15. Вместо титров,39:36,4.3,Её продолжит The Last of Us Part II.,Титр «Part II» проступает на тёмном фоне.
486,15. Вместо титров,39:40,4.3,А как бы вы поступили на месте Джоэла?,"Чёрный экран, вопрос белыми буквами."
487,15. Вместо титров,39:45,2.9,Напишите об этом в комментариях.,Под вопросом появляется значок комментария.
488,15. Вместо титров,39:48,4.8,"И спасибо, что прошли этот путь вместе с нами.","Костёр медленно догорает, экран гаснет."
